{"cameraMode":{"drawMode":0,"name":"Shaded","section":"Shading Mode"},"sceneLighting":true,"audioPlay":false,"sceneViewState":{"m_AlwaysRefresh":false,"showFog":true,"showSkybox":true,"showFlares":true,"showImageEffects":true,"showParticleSystems":true,"showVisualEffectGraphs":true,"m_FxEnabled":true},"in2DMode":false,"pivot":{"x":98.93455505371094,"y":1.096290111541748,"z":112.16253662109375},"rotation":{"x":0.01039612852036953,"y":-0.27394014596939089,"z":0.0029616649262607099,"w":0.9616857171058655},"size":5.2848405838012699,"orthographic":false}