{"cameraMode":{"drawMode":0,"name":"Shaded","section":"Shading Mode"},"sceneLighting":true,"audioPlay":false,"sceneViewState":{"m_AlwaysRefresh":false,"showFog":true,"showSkybox":true,"showFlares":true,"showImageEffects":true,"showParticleSystems":true,"showVisualEffectGraphs":true,"m_FxEnabled":true},"in2DMode":false,"pivot":{"x":99.13932037353516,"y":-0.8344879150390625,"z":114.3228988647461},"rotation":{"x":0.13757623732089997,"y":-0.28819510340690615,"z":0.041880764067173007,"w":0.9467113018035889},"size":40.91425323486328,"orthographic":false}