{"cameraMode":{"drawMode":0,"name":"Shaded","section":"Shading Mode"},"sceneLighting":true,"audioPlay":false,"sceneViewState":{"m_AlwaysRefresh":false,"showFog":true,"showSkybox":true,"showFlares":true,"showImageEffects":true,"showParticleSystems":true,"showVisualEffectGraphs":true,"m_FxEnabled":true},"in2DMode":false,"pivot":{"x":74.16242218017578,"y":-12.119325637817383,"z":94.00911712646485},"rotation":{"x":-0.10919899493455887,"y":0.8576321601867676,"z":-0.20388343930244447,"w":-0.45932894945144656},"size":27.746267318725587,"orthographic":false}